price,area,neibor_density,consumption
78.9346705244541,45,92.22456176523018,135.60323138479578
82.89202096744944,48,99.10248792358682,144.654673986368
124.84918110650544,65,136.68470671363704,196.14066444371954
114.2563511345088,68,128.72320115294173,208.263169934306
118.82878817201754,68,121.30861833783088,205.22558023567422
26.719657741506243,10,34.89419426373321,31.782424436669746
146.79529904246147,84,165.03474816943307,256.65976449527966
41.25232018040335,22,49.13775490111363,68.40147748939192
60.69232383052419,37,54.19452750872558,113.96044105968956
142.08985086437417,88,149.77356671409933,268.1436715098607
118.76491447804344,71,147.19772120775474,213.71428026545124
156.34402592465983,89,178.09333340933094,269.66861560794683
138.93586557702662,89,149.06380081846123,267.49402914934603
11.398696104328812,13,14.704793577866202,41.71391322082739
95.32294624285642,59,101.4913278971852,179.9718932966522
104.5645324670657,66,118.03441230033434,200.73044683505452
71.34855195404054,40,79.45064932732608,121.82142287359423
150.5111728114505,88,173.90331515979076,268.2421925731333
80.62635467357813,47,105.58980428147278,142.54816929870563
161.90960560551449,89,192.9411593242495,270.8196377289551
150.73934083818853,82,166.5345451603873,248.24241057089597
71.98876516836785,38,82.10776628144309,118.02710583625309
48.05582510896625,26,40.123927420104785,81.95768736161564
130.35026993059998,78,144.63202433242418,238.10449992729238
133.16493255005014,73,150.85058943762206,222.4543538579704
11.560139238325133,10,25.862071308421328,33.789809045994254
40.87812758622226,21,51.795315967950806,66.8987408234034
133.33671859659893,81,151.9794140273008,246.75673213827622
115.02148964015956,70,119.50049881494257,211.96039975172351
137.3855255729874,80,172.58026434251283,240.98720654863072
88.78292208691353,48,87.44155855609898,148.85065436190985
108.87155496063458,65,130.63677838048025,196.28155071712635
142.9122469601005,83,165.03409089991925,253.90187539614828
171.91823206908464,100,200.34022422198825,300.51092105724354
142.7822473336258,89,181.29687642029228,271.13487226427844
90.887388994192,50,107.04721892773732,151.05758990875415
59.715263399547204,30,69.8032371721521,94.15474074784828
33.595467191965234,20,35.92564417560787,60.34592402346321
32.6306983337678,20,47.57058134730857,64.33351489563412
30.960762395037033,15,39.292097924153865,47.09181713804343
66.80695326128097,40,65.68609141932811,124.62412436836311
61.63260295200413,33,75.91407467031607,102.21139664857047
105.3865587098309,66,114.53822978450756,200.58181573298225
22.0637778517665,10,22.88769176297422,32.836202778541235
95.63879437828108,58,116.45059235722638,176.68227818982342
54.08825912951474,33,54.35137503606752,99.68384968389546
52.93564605043451,32,58.04298755013696,99.35784162861107
125.7080395668728,75,137.34099865409692,225.89358553393384
46.650771506497854,24,60.289542705077565,76.19087747709224
73.80506072438466,36,62.31452715217239,108.31453480625298
121.62504111179379,76,134.58451715220897,232.77200440284915
94.48937189905983,56,105.58412785508044,168.7447932556718
47.16697811449855,29,56.682257368039274,87.77736610472604
51.24954908580805,35,62.75690013994302,105.35044381930918
-9.509692969066407,1,-9.004328415116635,3.7490775176053166
-3.221862137874159,1,-1.6187996736843142,5.869968519043865
63.99806177007099,37,66.7858831609909,112.78451960817293
94.19448572448981,54,105.32770659458629,166.66919994067982
18.11746460917839,6,15.730007926538965,19.831635804866277
61.73349807543895,39,86.25937161888407,121.63070689160537
29.2280752701824,18,23.36122506199066,54.29283703501913
142.96846675548514,80,182.83521976168794,241.0996998689057
4.029616216029305,5,-3.010801707322388,19.213390058639575
69.23007195154096,43,93.52967628140073,129.81836537120748
96.82266804904796,59,107.20889072690792,178.3012626922514
55.48035688598562,32,65.49743422819257,97.8560869405724
4.765564049531019,2,4.670492023778364,8.920992347155112
107.38975689102489,66,117.712616809292,199.9615555603652
72.19592316947708,42,70.10739030714913,127.34086549428145
96.3156322777085,58,110.56332618404113,176.43472088222325
75.94443846924851,36,87.22958551370048,110.65929543493503
21.095280423924635,12,29.27108334456435,40.812051373044156
84.70177998529552,47,107.44689370575341,144.37977307760133
155.65210968139505,83,184.54873981654902,249.9608662305352
160.1149116001625,92,189.1804376252377,279.806651380064
4.72867834309805,1,-7.170473529263393,7.905708843291544
25.138541880637575,15,30.662066761923757,45.75357571917253
164.82082753501157,100,202.90694366021881,300.811259051357
94.67201992481833,54,118.47532441246067,162.57340493714423
19.848554557605773,13,20.06067768407658,40.45380734848738
67.08920564436451,43,83.04614356068986,132.47987109237172
152.50403831892623,85,181.72769621707832,256.66388423249083
128.66471881859766,76,158.72282818593305,228.4772830777574
121.61404679089735,69,136.70057505443117,210.14950934876887
16.443657221336146,7,5.386706482382872,24.87569104804346
118.97695505331514,69,136.42935084169446,209.02520745141618
88.91556997044128,48,96.5524517915706,147.3340847486092
10.351621606614952,4,11.515034787135392,14.945155613183772
124.77923406606803,77,140.77380716149574,234.2182200679723
87.83295838140721,53,120.02059708066585,161.1094106800523
136.67339551107236,79,165.90707149053085,239.38549742121725
35.24322856257879,16,50.45860887482476,52.07474803809997
34.38924239417826,21,44.846581402230015,65.93561002377416
166.50155971672854,100,201.95427319945998,300.47144051562464
103.32281457013423,59,126.83082142185326,177.14926852271648
39.73918847733123,24,45.86249545611886,74.55625808991282
136.72059631210055,80,161.8549846829532,242.7232991182569
17.49317347764115,14,23.650330348416205,46.08084043897157
151.57582979678745,86,174.23408818850766,261.65218411097305
78.13535252581474,49,82.54241428743678,148.1269145920403
90.7696963460241,50,107.42480055221081,153.9679852107103
124.3908482348513,70,148.22124660347754,213.14557811941145
71.78390365428868,42,82.61209189075815,127.16635491280167
70.7880225350241,36,89.96340108563355,110.57936696592715
115.18218217394417,65,124.3945983603601,196.20013829630483
161.2206979932347,96,186.1748341210621,291.60861435438596
103.48410822603432,70,115.77960525491089,211.50932770406027
163.50118527806364,95,203.81434176052113,287.4837221180445
-8.101987044517408,1,3.999983875883216,7.490981409432511
85.9404728289602,51,98.28851841325022,157.93680692306995
66.96004898593065,37,83.72710411637081,115.78949327022112
73.1171949184188,35,67.60323448178535,108.85233198308349
75.45135549579419,49,81.0186478773135,147.68101632405447
158.87495547684395,94,182.6513972394618,284.33973549799384
4.640886386360178,4,10.007168691284159,16.841427583804432
164.37260067740502,99,202.9822631756707,298.765047959746
77.63952432293935,43,97.02754555483513,129.79748274294843
131.57740867102876,78,166.38277781760635,234.95656277865777
39.41289036765652,22,53.08453487998538,68.74674161031757
131.67674138143596,74,171.4373683953609,222.10850905779117
-4.818436495997624,1,24.525063258002266,6.851307202027417
13.295496362022746,11,12.01333786142678,34.9628451165565
72.75864242769246,44,75.8140455798707,133.11679107487114
105.43402699082424,59,132.7891627277677,178.45798339712707
40.02011627046218,24,42.894200598919305,76.01572040145734
105.1111081703912,60,139.92257653166268,180.18590571018598
2.898245747978167,3,4.7455549897676805,12.856604267598403
173.86125808329496,99,196.0492516274754,300.8114845627987
101.81890646603321,63,123.5938600461665,189.40770609545729
59.2340599098199,36,66.34058233884184,112.15518194538346
153.7004438105502,95,174.2296769869598,285.8602108179593
119.91796989423254,68,149.26296460286977,204.68216184510234
149.25990325762427,83,175.19037783937105,249.83200598085693
77.21853764471268,47,105.67651452797654,141.0137900446562
165.6396258163053,100,197.72007390083456,302.6672834463302
39.86773694511564,21,39.559693645885645,64.8448792579935
147.06508562028353,82,163.0684511719548,246.71626615279416
100.33436775914743,51,100.27829422964003,157.3436428848888
42.54744094110473,28,49.21785573312299,86.53100833203608
32.47810296433086,15,27.50221741222522,46.74354034438496
72.75275721465317,42,99.57568922651457,128.6636028924832
101.584533239227,59,125.42756567001504,181.04605951041773
101.67211190586512,66,127.56237086263108,198.85467402992052
57.79052115486411,37,64.36426437773831,115.32838304733137
19.64394976232462,11,30.891787443382796,35.92722397914813
150.14414363089693,87,186.37254192088284,264.07765947265216
81.32856756145509,44,89.75527634663366,134.94271086270342
20.879722919147568,12,35.39444482469311,37.10659559607544
10.13015878879633,3,6.339846524853592,9.923692693870393
85.39502871443992,52,95.672260203703,158.3867615793858
140.99344998983548,81,174.8873389707975,244.78171367369558
58.75245084317039,33,64.28144824403314,100.20418174502022
85.07750592020032,55,115.38837684036439,167.90634647973016
7.727429632618996,1,21.785701239712083,7.280922952047948
68.41079559442971,39,86.89020212921827,119.78448867925168
31.039262588030006,20,41.991409530709376,64.53261614704134
73.46363496394987,47,76.16333645396433,144.58397504041685
80.32146585196305,43,103.1287327303641,133.5021863881681
97.8053404776542,57,104.36738121857462,172.00855363702883
107.4464135690804,61,135.69088307917997,185.93668299819242
135.41733266890114,78,160.72112898914668,235.7733887463946
45.51005134297187,31,53.1963245432282,96.71852553412118
36.90557254711395,25,50.357644943254456,77.24939834203407
9.814842198000221,3,18.177640318176884,11.060905784906373
9.573505392567089,4,11.066186403456994,12.714893913096928
157.909118718249,95,180.6022269590384,286.772772373403
161.39299323471744,99,204.58817468125528,300.3390172267036
26.985119065579887,14,14.877975490907001,44.543862843408796
71.23145126991433,41,75.5174939343034,125.5956595757419
128.04880892007574,73,149.18977375993242,222.24082936178087
40.68816200306595,20,65.40052921866334,61.37918776034873
151.5740686710986,96,185.1585066080654,289.10373130692665
128.69449229742222,73,138.20431000814494,223.83879289852314
49.401222784541794,27,47.57617498686277,81.68915651108227
115.03246254987174,67,146.84549023378025,201.40499092362538
91.46743564421554,53,112.79144155821841,162.51825172857792
112.30398816123028,68,149.72649015630745,207.23562660786357
97.34110226490566,62,114.74227465959878,187.85486625989046
28.389235526505814,15,42.78267806365574,45.38393122833055
162.33379818047322,97,197.60760435667868,292.3976497168941
6.516089336698725,5,15.956623150694021,15.311122849919702
120.62017023149235,68,130.0527987642219,208.94560652718874
13.529584693967516,12,14.920526700033596,39.477036766317674
144.11000961354432,87,163.48676666646995,263.1594655008769
135.24860790726797,78,156.9253448105143,238.59864986561232
132.35878137453926,76,138.24729589709034,230.82722875855936
80.65959904477904,57,100.53519905708586,174.55637486233746
19.82252931424996,17,27.525744204402443,53.53384872183483
42.84621744009426,25,61.240820369893605,79.13238975859865
51.10415966008049,30,72.2581033322138,94.91223246668561
38.757166940313205,22,42.843549660225726,68.06063930373357
43.55355756568765,26,48.9896730484236,78.73648664072427
132.87699601152192,81,149.00600668731838,245.0092225895597
94.25119254459347,61,121.87770222396713,186.98855958789974
105.58315820563895,62,123.0393351729514,186.00093356966255
146.40724155410194,84,159.5677342893854,256.7729739106009
51.92398186417089,34,74.88407659768615,105.31257237268748
61.184818110574305,33,62.66059547092429,100.5532391907964
130.24045970905314,71,138.50876711542742,215.44910685211028
138.81850057344485,86,190.78903351464407,259.3203637184195
58.85586254009778,32,69.12893463783462,98.17965642133238
21.389079605892302,14,12.017093860133574,45.191095500158156
121.90620273480411,72,150.216709281972,219.37038644495522
104.76392791461491,57,106.1373848069485,172.61386671840174
40.882657634715656,25,51.84378995299949,75.11483120029415
140.62496998278726,80,165.05816554924994,241.8859716025459
62.830668832854116,42,76.32891273479208,127.87688998810441
29.589110222143887,19,43.14423164420354,59.06012209609891
78.47089104681643,41,81.82180214533449,127.82862736586729
97.14211665478288,55,126.73488076942094,169.850484878096
125.37023566430057,80,157.90679822634905,240.74357066427945
26.781909050994695,12,16.39390966565713,40.56716304981261
70.42575716933158,39,83.49037431908927,121.89229821828937
160.0253264225752,94,204.10728051929496,283.28323753357967
11.755470515115999,2,10.331512044938826,9.705119500977373
159.17394966453662,96,193.05345395046209,288.8772742494346
77.4853971606551,45,109.35414075922137,137.35982819381906
158.2017628272068,89,195.88991594552368,270.03602298979445
41.14189691720255,25,64.57001534680457,75.8979424010603
115.81026580360172,68,143.19828004334377,206.73592046760754
139.67711436516433,83,157.42999110444106,252.69415647696462
11.953332161374906,4,15.891226849161113,15.337088801512277
139.64414391515712,77,140.37862078427804,234.15373247196052
61.799030626036654,36,84.27632908666148,108.60216121100879
159.1349431958545,87,179.92646198540407,265.7819475703598
104.32103834516798,62,139.93704800347078,186.70458520503593
121.69753160390401,70,131.93378280408334,213.06119004421632
152.47539749155592,88,184.32966999540207,264.64765700534014
74.20369635664933,44,88.48524030618063,134.69851669622344
50.07319869627213,33,53.38642612389939,103.3371681501588
11.336483101755428,12,20.229161784519878,39.151427157677
148.88971578555385,85,178.99929031192372,259.54293343140273
20.566299620679303,11,30.111372412210287,36.292721334431576
92.75416542536806,55,100.96547465401721,167.27699849656378
70.42520222568315,38,76.03365660679617,116.33431133849683
58.55932244312815,29,62.28826222734442,88.05818755610484
-3.3776175578478718,3,-9.447113757020421,13.769305140496495
46.78311740062267,28,40.62402794356154,85.55462997294487
153.6939051338078,84,174.58725570273825,253.99972939843872
159.73898023343898,90,189.41463587948036,270.1489477175857
45.59525077311218,24,51.26098088704666,73.94003055367058
91.36773209143425,54,114.35519230746488,162.58352878462065
85.02007187378165,52,89.92709655004607,156.95712770203457
94.71063312413209,47,91.15262929779591,144.94769152776237
38.34554975254827,21,53.8778665209767,65.36095032214762
96.56003748699942,54,115.7176265369994,166.1886953993109
49.22687000245653,30,58.946012375145614,91.6142445275579
122.20840378845074,68,161.0264544826095,205.91598050174863
59.48176289115323,36,74.62795627048601,112.16067294633412
64.60603169722776,40,76.47466702509111,120.33815766312928
19.31234616022331,10,31.739005309128224,34.102112259935886
124.76145522361934,74,147.72125351046614,223.02694978810928
79.34242522268529,42,76.0999701155965,129.27465191075126
40.352267877768774,24,47.8374556342348,74.66434747830989
10.312324493105045,4,13.152652014357974,15.94642744637311
81.77149081691442,47,91.18566060194213,144.83248936765162
156.02270231942487,91,183.02635158176219,275.87702004451063
82.28084100932804,51,101.63760077324376,155.9034464932848
2.0444055942286092,4,-12.558516608941453,15.671805137320181
48.50174690170359,32,55.359545045616805,99.05281622721937
15.992915565466438,10,18.344292990258587,32.7949581811513
23.63654692471784,11,36.59139082783027,35.488476765586725
52.37128447816007,28,56.75887385825535,88.78754902799199
89.26774681047682,46,106.70189390418119,139.10619973171316
129.0235848056233,72,150.93034391383011,218.1854712283475
72.81642323707955,40,96.17001123317323,122.09393697285532
93.89235820670253,62,114.32031266687525,188.93278202667295
139.86279843795486,86,185.92414255396838,261.4189146366796
166.16913736989474,98,185.98530288993777,295.1138555231721
78.21758960414085,45,109.88033875714262,137.80928808455442
52.82332111839062,35,53.278113291509385,109.60194397905063
50.151511798561984,35,53.0357304362555,106.17173546630555
147.44818256232398,89,182.60625028224084,267.5540198555952
66.03719033105797,34,76.22936736117384,103.396162072829
11.025305962237791,6,7.760550368667884,20.763703681210195
62.78772427699091,37,71.00710676253195,113.26240741550426
1.4926541556381054,1,1.7442135346936194,5.201928624501277
125.65148282339354,76,146.21076300616713,231.27099282333947
64.04413223247383,35,78.8292963990705,109.58242699373245
124.12534636545534,70,141.95169301634223,210.92931326337245
89.10009397662144,54,105.85155701621738,163.74286817079604
145.28601746490062,81,168.75059107400446,244.92582506840478
104.25933733301389,63,126.79984734831785,189.766851735495
14.731082727949113,9,25.527539561661804,31.45252377358864
108.78395197068204,62,111.4280663274658,190.66221708470567
10.375232652870238,2,6.898511805574208,10.996040000940221
139.21107742347664,82,160.86014964189852,247.18604031590928
62.34160356274509,36,67.28159368753498,108.35875951237831
150.44734579288274,92,180.8820416116265,276.7418678662894
68.43020471968094,41,77.7664751421323,127.10432824834376
64.97917929357021,37,84.89138769602117,115.64839090150282
88.56660304503066,49,99.17750730190616,148.77949038328325
47.52782153088791,26,50.12614715168466,82.8124808548687
125.71882412458618,68,136.82096342921062,207.98475796444515
63.77910117722145,36,71.4202979797974,109.76746358957307
41.09162010603958,31,46.25453009369392,97.25476457610915
51.711731374461365,30,66.85661275414196,93.20502849924499
62.12360033995381,34,72.92547227373929,104.23241791399099
28.003022779862686,19,33.09532295908879,59.25962791612353
29.19564117539217,18,32.366991113189286,58.81059883818953
159.41302337666684,94,190.02312735988946,283.4651141823341
147.5960268288784,85,175.10725223297666,258.34847415897065
5.038931069347838,3,2.7297560498066185,13.021050928794054
125.15944876257824,70,144.59815369982778,211.9269172619122
20.021311546907718,13,22.47443829416286,41.32145006532557
73.7351950566166,45,81.25401956104633,138.2113568482884
111.87374548620075,67,132.04404123203574,203.93890613115082
162.774755033753,92,182.8678446905159,279.66612935946097
144.9193370280272,86,159.1421512164339,262.2782326071737
73.78479510882205,40,87.46696051623746,122.7087165908223
64.05701717523962,40,62.23574428857289,124.79709796284855
127.57577236567258,76,147.82320468545396,229.4056779519098
33.315408845683486,23,45.04748030807786,69.3337839932587
58.8975738600377,31,70.0575845970877,94.92176866145148
20.177601479869757,18,12.720524385681394,58.82046471410708
124.73763809140664,71,159.6318736817897,216.81966682259642
119.74678312528832,72,131.97428353111994,216.98445994938933
31.6189292373262,19,27.534789756332458,61.89852818526528
159.83943077983068,93,177.73729354051048,282.5120867012648
63.081971843163736,44,81.58685392529235,135.99617963034942
145.25434182212757,84,146.38243758443693,252.26934552093797
81.01064976840935,50,98.9715449178019,153.61328707658768
65.56313277816895,42,79.0332608239569,128.41813152891
154.9160707932715,94,186.06044975334683,285.9746315882919
79.40382772913324,47,111.35579176316577,144.58028856154826
36.8544919772645,22,35.54568247903067,66.882093807068
113.69639908540412,74,134.02677937924147,226.59360024229872
147.34680809057943,90,177.7781447476749,272.88853231425844
168.19935033214668,97,185.02856691311598,292.92863055230237
151.43122196578855,92,183.59073625949873,277.13853198586696
134.89048363998987,74,155.33446355733258,225.91769597611128
50.53267291809498,29,47.2909670553024,91.85351195388787
141.4537382756545,82,190.1087309137682,249.677601868187
110.71756757698307,59,131.7769381917012,180.04931807595247
1.632650989200516,1,4.672721008454946,7.751681049312587
152.1985129300172,87,181.1547066457742,264.5578580007444
110.3669324384534,64,125.34227705545504,194.28236323920459
29.49224378488854,17,34.79714595592456,52.60826920721899
59.11753814373899,37,71.33083750212403,111.9435268312084
161.36190436033655,95,180.23324668423226,289.36840375119135
50.75522710416504,25,53.72066700951845,78.61444609754102
120.31211217972509,64,143.37086265417372,196.89039456788856
110.48987055556798,68,127.78143831740182,204.37601690372685
94.92381633505015,52,110.16693484480216,157.57362029151645
16.269382370999203,9,17.516875205538874,29.032312710215574
89.23350405285674,57,87.64006102958284,175.81271175795914
154.7556038331341,92,191.61695041971961,278.9539329191922
151.43914150503704,94,191.39616644744171,285.4004189202451
151.73191418591145,88,183.04954505947134,265.35431184337784
58.63635275699818,33,64.22395285357038,100.28744153262798
33.54055369437743,20,33.37054653678193,61.713858581340276
119.65702511528086,73,141.18707620606259,219.41998473639077
122.83081776476017,72,146.82162752864448,220.69757796550672
153.04352355512717,88,156.2001618128758,266.02580529532105
20.175357247615423,14,28.705875099534573,43.002508087005715
108.62555114780642,59,118.31651815675727,178.7190701768669
139.67169183661204,82,160.83192054317715,246.97894518843674
94.4474418213727,56,103.57339122023876,169.2791963916804
112.55850608464952,65,138.09208582872563,198.78797983461646
118.66349892622594,76,145.8479634183707,229.1901102261542
161.34316417341336,93,189.95073785607056,282.49421715662805
73.17526125716158,37,76.81736725405271,113.96682759737348
50.68160829461799,26,52.702239354477264,78.72541447054193
58.566099811883895,33,70.48598033791076,102.81854306573888
73.28792815705208,43,75.44998797031366,133.26436247317224
18.529826757644656,15,0.6903840707003184,49.77993729043162
145.90545041905932,87,172.42117541360014,265.7949967471133
49.23426512528212,29,60.14352835937146,90.5318539874478
37.953839635544234,21,56.81385743704219,64.45672269504404
134.70037908369852,83,152.91630004421438,249.1895583413906
120.25486250123701,69,135.93240489580643,208.95115209541655
54.615835279183834,23,47.006853060959116,72.66563304180299
162.46697472197656,100,193.48869978809142,304.7031930649695
141.98655452941136,84,158.0744809480387,252.56770181204277
11.643501866187359,8,8.519057454989202,26.71120970114845
121.82662376303283,73,139.62483876258145,221.37386858918333
109.07927664243752,62,121.94057642813107,186.22864152166204
27.763551507633544,14,21.59970480079216,45.253387100638946
8.661072258282875,6,6.436381536197765,22.362898463210968
6.654430629574804,1,10.020666482144932,5.30926303321529
26.5374808522668,9,31.076212966655,29.616328612884615
132.7190348299426,80,153.42234566298185,240.88894934529307
138.4251636386822,80,152.49577372855663,240.60559244832365
95.13808531493962,54,124.7921567705199,165.06923921702122
11.117487848943767,12,8.297716151043613,39.58205062430376
17.17923316894222,5,14.845741512030525,16.437516864409204
67.4605549213423,40,76.96278777751665,122.49725253263674
153.15359479378515,93,170.51157715332232,283.79029693965424
68.73190726976283,46,85.13951758288545,138.1666177135058
43.56403798739421,27,52.45876378555909,82.17906708235067
126.24440576646343,75,129.40743828848898,225.5152662683836
85.0466799570358,53,105.58934725038391,163.10996216285284
88.75760327507459,50,95.89502301119046,154.9612172729615
151.06777019800714,92,180.0818354536417,276.7986450331702
82.74088778419481,52,96.3730981275149,159.7595045154035
167.86267124167912,100,192.9178722365757,301.4368948744401
42.222061608856976,19,47.74518685533613,58.64372325560016
60.56508457751916,35,77.57906169159652,109.64924047236956
86.05432429155435,52,93.67395809612755,159.56261568601388
46.80181547800759,31,57.86122438891325,97.06037251793694
81.96999437705051,54,94.34219810425665,164.27380718795555
105.07128924660282,59,129.82487650953007,178.63631339155089
72.56109244933705,44,70.82925427090724,132.69153373164585
99.57404920248004,56,123.30496820274453,171.12689089877387
32.3388299641517,19,43.968961332368195,60.39917536828307
85.5358052790288,46,96.63415705619713,142.65198714546167
150.04982288765035,88,162.92206702618088,264.625769690666
116.36824388120881,66,124.93620489414317,201.6853022307568
117.0774311371695,71,129.95132693769318,215.73270008159886
100.52632121426049,54,107.77790920698183,164.28665053385055
87.27044791919506,49,112.25496739100782,150.76459189967338
167.67744368177648,95,196.96003785634994,288.03637757616576
103.6040857870022,60,123.85415705063578,180.51377221848023
141.59379717269312,81,163.81937605567975,245.0957819912531
50.64350717119468,27,69.44927471794051,85.97835096817943
64.2694670520873,36,88.50675606804461,111.83777612044163
107.61182625147482,59,126.97956720074653,180.81290189088634
88.24593636359442,50,109.42505929593423,154.61103067820332
134.29397561964382,74,156.79762208181253,225.64692734109548
69.75356538842013,45,83.46429639560553,139.2399234502977
27.297216782669203,14,29.482399741573573,44.005417070355676
115.15546453261423,71,144.1457503788436,215.0007232947685
69.25857053132758,39,79.59926013661925,121.78515912712402
66.9253104950344,40,81.60229349957064,123.78746820067703
20.171742723808563,9,24.917982843385886,29.35657726462525
28.906288820574012,14,22.661457616683194,44.447983151715746
20.308487617015402,8,6.478107618482094,24.08295376229303
134.16820090728817,81,173.80468267925278,244.14866794496066
42.85015518180017,23,57.85958182267923,71.35651094048713
140.87289085884706,80,171.9617694150198,241.46899369726293
158.1216434312753,90,193.52908682423035,274.90908042981977
21.325373502282186,9,29.519605407368545,27.577611101585408
175.68021886399046,100,214.30881460189582,302.5277899849556
9.847777745077908,7,17.993437618083853,21.04956299501429
125.56383637983357,82,159.6119419415491,247.3625919363347
126.94708298919195,72,136.12739004643726,217.1221543372862
140.0689423984955,85,162.52715885160742,258.0254466259662
158.42079375891416,90,192.1725687348693,274.4360947280465
125.99942301043583,67,150.25257396768734,203.83221748596497
116.69646425291998,61,135.87704048981934,186.22051272324723
31.70335048263113,17,30.402893661229417,52.399616910584314
93.90852322758474,57,95.46848751426799,172.54433244398382
40.565203190633916,24,58.67590003549897,74.49502621394801
41.909452201192586,25,57.209326196348755,77.84279831737749
1.6485402125641704,5,-2.1823351045172164,17.731644603327993
92.90871366273966,50,115.69616677250448,151.30023173285198
160.1276812272408,88,175.37904911221665,264.7298669522858
54.86378949615277,31,62.01798583540983,94.84186181986121
85.31787029021501,55,86.66604034467102,168.9205974075136
40.489114192049605,26,56.56590763764276,80.98066509868843
29.64191313496105,21,33.102599226373236,63.909365198992624
171.4676054478986,98,194.8265683778992,295.16608869986237
91.62723313102484,58,108.45057280506072,178.52096113696103
41.012276867891714,24,57.2376258893084,73.98093923697591
45.78363055501177,28,60.254493499280684,88.26850447530241
53.607535565691485,30,52.378378841525276,94.8873554872976
56.66047554908278,34,64.17896817539226,103.7893364962529
83.29884777168799,54,109.0243113249959,162.06458841381988
89.33924424449202,52,114.49767369357787,159.63894375296007
138.71114390665872,87,152.9155039209386,263.4271906766728
23.00718356160035,8,29.126606815549685,28.437109081505803
7.552653467062607,10,5.693302291830555,30.84614545193451
94.87216847484436,55,131.2001209559274,166.2162377510631
-8.925953896093368,1,-3.4209996566540477,5.358208678840896
143.73600092138855,84,155.38737897634024,252.67887895009156
67.73560759411278,37,78.61978826566293,112.80166999204042
131.85377202052172,82,151.33418366043355,246.0778186236547
30.64349400598931,21,31.56082724161421,67.00890215392654
-1.1668035928776277,4,7.649771826975038,12.503520407910958
73.73280880896795,43,92.54491992778944,131.97928971823106
110.7767862869149,66,134.4056432634711,199.31115656511895
39.19038788207216,21,46.170978583142855,63.15007485627527
55.836968129906744,37,67.26436238485698,111.54847576442661
113.75631169633695,69,133.55339615547078,210.49607583936984
139.49721044790255,81,163.66641031012773,247.45531157177382
79.39588640528994,48,96.00007182708302,144.2733887462846
23.69069535614984,11,27.508810416207567,34.407183221067484
165.20138364972578,95,192.02988414813555,286.9921585303697
158.9033606056322,92,171.20184501090176,280.8934131076251
81.26241706505832,44,95.24283277452811,134.21333973784155
106.57767007711456,64,134.29974574132513,196.1243043826426
53.09119797416584,32,61.10825092539915,97.40559938033468
39.04158006883201,21,44.13916993192499,65.34084853763734
115.11580981857998,71,148.55055560570483,217.1293082015779
18.00201990631725,10,17.363433871508928,33.84346044846962
105.05506630119937,61,117.56577664869634,184.19283012861334
157.18160874109302,92,188.276558863833,277.26358743887795
51.60274760511941,36,60.527183725835236,110.74236492566192
142.152694291043,84,165.99009770652464,256.6900750239884
132.63796330008788,77,142.2567409262705,231.59963968987992
33.009944846005105,19,22.9139629780707,60.860309940162175
132.6267014118939,75,152.90713676191922,228.68800272406105
163.36169011155945,99,190.51805035995386,301.25387823616325
155.43161852996604,98,187.24066138036048,298.4460018387702
76.77398639184514,44,89.49829384509779,136.41712728354852
10.242274711003335,4,17.20523694753583,16.504579493016035
10.781913912227827,13,23.282254472967452,43.903524200801
94.52552459169499,59,114.55257832246873,178.66214770388572
4.566526247248824,2,2.2847306375991328,10.645056643383114
6.0966893024980084,1,7.904972827951974,7.7378015574046
70.08232023131865,40,75.71544734873937,123.24091139264742
37.74640791689253,25,28.636997541265984,78.32295372035641
93.29413350898679,59,101.6847951775787,178.79279277323076
61.51722139607155,37,63.32227377803838,114.72651962878722
174.76804204154814,100,209.36560156391246,303.01280472767615
121.76111015532001,70,136.58762140655662,213.93159488590325
13.20169533912904,7,12.896964747934906,21.76756802877494
9.176158281888254,4,9.791116002157944,16.072963292434096
168.9251808143071,99,201.6891121260265,300.6169080925397
65.4883040979662,41,76.4232518572661,125.72972652973961
109.86408847806699,61,122.6332783575516,184.29858256975456
53.89080319035364,34,51.72793287780341,102.48837102488659
62.42979382003751,29,65.63970930535855,89.42416658453332
121.45515950115917,69,125.31119514264523,207.7231077953727
55.29121606126927,27,52.02881167612562,84.8088658358401
170.1312472576438,97,194.80845366451447,295.62279466587665
100.1172165683576,52,124.6708840006065,160.10160651762405
133.9187144488264,74,155.10744671795928,223.65229454734882
86.53898859961735,54,91.50095924927444,162.73002174318245
126.42858431406448,70,145.1339083490704,210.039566266448
50.25294468518008,34,62.67935167228423,105.3182906591843
16.578762993861492,8,11.712122339896505,24.93806039605401
166.21994583953236,95,197.39996726252355,288.5827716208241
132.47013223753902,73,152.5696372729677,221.87716407249854
153.22810714417733,85,185.7471823133708,257.3500874147315
19.26266323866729,8,40.52164497712119,27.837696208096588
113.37114443277454,68,129.59410748631686,208.9053311147018
143.58668178935483,86,169.90230539663278,258.64297072465484
151.80181705733318,92,180.51115785161173,278.75259344036533
110.03675728553085,68,122.32730346779843,205.56611442657615
154.4339421642342,85,176.94036269938255,255.13977690114723
127.41010069427642,72,164.10613336594437,216.1467313345975
149.21432697327901,84,159.87380318132162,254.8881100229489
155.89457753849385,96,180.50910205003836,288.4145772160183
2.5922319634646804,1,-3.2512906417273673,3.2196413114116744
9.450191527895733,6,16.483008169591443,18.86439266864362
159.5895059513458,92,184.26547931406176,278.29932340081956
46.334309599352714,31,53.574975218289104,95.50383829739701
128.8148586079393,74,140.96647654279744,226.57633259869772
138.12338310846465,84,160.67779401154007,254.09834592132083
14.690199191278145,8,14.05673041874255,24.538894070440918
46.51547999440164,22,78.34346426103842,67.15457962237333
163.47499682093755,93,186.06357365383664,283.72704343114594
24.11159122365059,9,25.887701942517175,29.97576019093523
75.14195260856681,44,86.45734462200281,133.77671308076506
75.47650686926923,47,85.9958685089373,145.4635575895984
8.869273667254934,1,23.94912745287771,4.502871030690918
90.96804479469262,52,106.56534812960308,160.40547350051853
77.5735121578978,39,98.95788885200346,117.60566866313779
148.9606570430754,90,176.18553539635406,274.6911467861473
124.67996832361641,75,154.64209111349984,229.68843178718032
172.15470184582037,99,210.35963852315163,298.726349245844
148.80994424039923,88,169.52439344217657,264.0877438010399
170.74098638358578,97,207.61927997091422,292.7652071711261
142.39648990238226,84,160.71312783486655,252.90405507617348
51.94946525383586,27,77.8562195981321,82.33033550721866
124.21167276242487,79,153.03615179142002,240.12841438634572
57.84813316682617,33,68.77982451859398,101.2154909282246
122.91472774836456,71,143.34594423182295,216.68156346059683
161.7040875868654,98,194.35633371011414,297.1851851923438
78.67899613737076,45,92.06596461751236,136.50278602764928
111.96303855352774,60,138.3086114941044,181.6193826926603
111.36879867018894,58,122.72418375355399,177.99073203325722
83.87043875844995,51,108.22961727203727,155.66081524111178
74.96887216315557,46,95.54823622528428,138.63690296399716
17.36573681776012,5,24.328669678333398,17.933615585159856
100.41456886788642,58,112.73667397954341,174.6898946937056
164.29481780161498,94,205.27613485580375,286.3435408255599
162.01265672201404,92,190.31554054470766,276.6463509746569
38.06879430218237,18,43.837418096948696,57.34704059945686
63.22197622823677,36,71.8681956775786,112.48405185832105
123.28886223014655,67,130.72577555249447,201.4906176272546
29.658435272363633,21,41.20499212335068,65.6511608995755
69.53199665731654,46,86.75592078077231,142.79045436842583
95.64457755404018,58,127.36328419853854,175.38971389405978
127.83329461963778,80,134.95800820939255,241.4053396997385
70.30452208875782,37,92.92948901324894,113.35026200081595
118.95771877311996,63,123.19369730285578,193.7385164686264
8.819835109576504,5,30.758662575565403,19.005068460792234
146.0538302959543,78,176.50467223013794,235.35592816254643
52.12961819880572,31,64.76670144246887,94.15792678174569
162.78639911517845,88,196.66219903072312,264.9930837504222
178.17809326941008,99,203.43008511142224,299.1486274980893
54.24251589860985,36,69.11297356297251,112.03952839052461
124.13192209491386,74,160.59259938833833,222.76151102984318
144.3933006475366,91,188.78781490098348,276.0852983963192
83.0444876422879,56,103.32356530059344,170.3614519314478
46.96720596220304,27,49.2697644682604,84.23160404943614
32.772354322751994,23,32.818028337825645,71.01742599088684
132.10112047478444,77,166.25538620209826,234.79911105594044
137.20915497072872,80,171.41957532280225,241.60503763680924
160.84718358984398,99,195.71944360329672,300.6108369664796
145.97846646307468,91,182.11932656841287,277.79829190168874
94.51801141990637,52,112.10041754279794,158.89620875693615
79.13291259709015,47,90.93639915336672,144.17280333937657
141.5827069095472,81,151.4946472249318,245.6240059987929
103.30780199298106,62,132.7736423654767,188.42975188487537
95.04946582435666,61,114.44881652183993,183.84273409761735
89.93378828220416,48,106.74276535367184,147.43774478781722
1.5440974054005308,1,2.815664141228372,6.030859319062435
19.87019645413844,11,15.348511439590567,35.76442880240915
130.96403484817125,76,150.53814472622147,229.5321348934842
27.94854790713621,14,33.634472398181074,43.97245704035047
125.64278045037543,72,161.0738093837617,218.1659692792273
159.47134798047614,95,193.74608767751326,288.2874254814811
9.373819136390551,7,3.744550648464841,24.629468133792795
80.6283749400901,46,96.49558297378552,139.56476728555063
49.529291915692895,31,63.58762833553292,96.07368248268311
26.871014590038005,16,40.85558437623727,49.85187134345804
62.045200334834,42,54.10066644996784,128.42605836526502
72.76284569791927,39,75.91546470148693,117.40958750088251
91.86008706039043,54,111.3581243886629,164.8933881218109
79.91207640673429,44,90.3724820733566,136.48221059614127
137.17474641283485,83,164.69462432791494,253.76702673251674
8.70319012514339,8,28.971358989168486,25.67317565585173
152.53265574311766,93,179.95675386947764,279.85063050315546
118.90401279099332,66,120.5540242438952,202.88320297965697
64.7015710105714,42,77.49650634203513,129.9835250097311
117.67312986735055,67,134.7137782340727,202.46588226091208
140.79975938991007,93,166.40968586075718,279.02245021986505
137.84247291694854,79,165.27350493982792,238.32102132112087
151.8732489921754,92,175.20171797125036,280.7747263345734
54.00820157993363,32,64.97842769984213,98.37133396495547
156.50919739121434,94,180.19906711841924,283.47157006938824
81.25455537838045,51,84.30535249282448,154.71196357928355
86.8791403402735,47,101.35865302123672,142.1459841748471
157.87671628107205,94,188.1645630277375,284.82652202905246
47.08742361115463,34,61.91036668279138,103.0858353206612
13.673267291400165,13,23.005695823467672,42.47945776357241
165.77472691544202,97,188.4034128345362,293.3638155640135
138.8042757817517,81,163.96853678643794,243.79504903704697
116.38261531783604,67,136.66522610854173,205.9420317078991
125.69433314901094,73,156.01277448222527,220.9886488155987
19.176695375807256,11,8.37176177117696,34.947198337536015
158.46641177382784,91,188.2061795179431,275.2142672443144
45.82408148361522,28,70.35711149437985,85.08785548897481
97.85710353940046,57,125.80009268031868,175.8141365426388
108.54173691082538,66,113.86772640202523,200.12249527569173
106.34830458309342,65,119.14934239993994,197.9308169686362
115.54160843790973,70,136.63542667188088,211.69610409193322
152.1370949382365,89,177.30141949867908,269.4027884677853
45.085556331385774,35,57.97274692087989,109.52045210908753
133.89668035808717,80,155.1746494860749,240.83806758171863
2.7487701349692277,4,2.805761874572095,15.967007935066166
100.07608217112667,61,108.85832522328843,185.31068202893866
74.71733259473356,38,98.99759075861826,115.28470592585404
78.66295319285102,44,84.9835418877857,135.43234879967193
145.4349330901608,84,185.8064367566676,253.2216628751458
160.83321738946916,89,187.99248368960397,267.76687223798643
110.04739378042142,71,127.82823740857467,214.65078073970395
32.08249026400744,21,46.24966888902769,64.46441465056294
9.60794785662842,7,13.845417048288928,24.651848818536628
58.05797514559845,29,65.96332610575882,90.83002371172866
9.826868013549419,7,2.526017092372678,21.52915911316263
121.99681506784515,67,142.5316491077152,204.8394007725616
158.10278069134895,93,176.3812843215514,280.2828419784437
162.7804361195933,93,199.81570170055696,280.1327810448693
110.48624241314525,70,133.95911096342962,213.52876181872767
130.06473400715439,74,152.5867202726433,226.36876154591636
101.24575225776188,55,101.94304356380135,168.03620774642675
127.43437656922251,78,145.25032188135316,238.6956525253323
32.594215769034875,22,38.695401215019814,69.32713215485305
56.43969903304364,32,67.53263578129608,100.2732273363384
139.12874149091124,82,163.18200117695338,248.60311095073985
68.53580509345345,36,77.43331671134595,112.42860310752295
19.529886439997576,9,23.027873786611337,27.57573974002586
52.39065547471845,26,57.68528215527846,79.93200520413042
38.17524165956337,22,43.82478949455929,67.44705234314245
80.12858096441079,46,104.49684518074511,138.74617923537704
159.11495681251847,87,191.53952901672614,261.7470695989295
28.353996395436344,17,27.71085901287246,53.2143214738159
40.55682265807013,26,43.038656685087375,80.21217766749432
58.579155477620574,38,65.62393057961921,118.55355873163433
5.160620231622416,2,2.530949404684908,10.705451461373581
10.345649256012482,6,16.31113277515273,18.09538298280098
123.33893135628705,71,149.19230328335522,214.29567362421562
27.263105527988856,13,23.69498894068087,39.04223069591393
157.65105717672338,91,183.52771235376477,277.4070631264087
128.30821280911772,75,139.53667041979128,227.66055098985316
100.80028683909896,55,110.04023366145307,165.8056728026732
137.7539284405079,79,161.78838192823366,241.15236550995704
112.17062842266245,63,123.96450949009328,189.35870663127236
119.8216474944871,73,153.2170254315263,223.26812412212192
125.13311464930429,72,151.2321699088552,216.0807940807648
85.96714664066954,46,86.47223214654284,140.27445176732886
6.570914352130828,6,26.67125430417129,19.769834117830776
92.55155287117155,48,106.2040179490808,147.24499331631424
109.24821899488482,60,127.12904835458362,182.75108008737877
78.48382546238959,43,91.5233251809869,130.76903115389882
125.00896985384638,68,140.98137622138185,208.93029324936862
21.7380457255919,11,28.23865509338522,35.14671897756431
92.57962185947112,58,114.31172801320197,176.42347980065279
153.34598828307603,92,169.1211875204611,279.14405229533145
148.9649142045993,90,178.40694390158367,270.49580325966804
6.849046141998249,4,30.154257403343678,16.40710231948171
131.98451267650384,79,160.25007173249168,239.83001309965925
136.83844323516684,83,159.08844180297572,252.37844606316486
119.34016392024394,70,136.82575890360218,214.6131982578059
104.35432219601799,59,109.5463723002549,180.2117050286303
1.838703992652324,5,-19.88733121068336,15.358672573577296
30.460725103901,18,27.078085078727035,54.417892683453886
118.95698620010255,70,144.31965531439027,212.8411563314887
97.23135875997242,64,116.7468883699282,192.58332608270373
176.13451859868087,95,202.8980301992546,285.2144224099191
49.27931015220274,25,48.4888182193228,76.91830993664792
17.61558030675168,4,19.9528465901184,16.890562108308835
129.5488212493892,70,147.56804896531878,212.74855124436127
69.9125779060269,41,74.32336175238154,127.42405946808971
69.02314263411196,37,74.41992095102471,113.26427789817667
99.0835978515437,59,119.50398198256609,181.65327728528703
76.99790652923099,50,96.87965648624044,150.1495727233777
100.97956091762751,56,108.1413777188305,171.59725055517862
42.87186604839143,25,49.3215958448767,79.7767894420182
44.47184564966395,34,44.14422953938572,104.34783366054675
23.429692392240028,19,37.84685948663182,58.26927523508716
164.01625410952133,98,191.98346601715355,297.25752111168157
132.57615129134484,79,131.77938103688803,238.90987041434835
4.149569469553159,8,5.729180402734485,25.692711350242526
93.01012997172212,54,109.7762265174319,163.78693933837766
78.10766881207996,47,93.25621326505605,143.0583471067101
68.31897986505373,34,79.08044210461962,104.2544759958695
138.25299240904567,82,170.39509652307848,246.83352333518135
47.715180678404245,30,37.25301593247538,93.38136879257264
21.174829594513064,13,28.65025316066535,43.200990452806145
78.76884632706897,47,79.96597860003236,144.67146039066444
47.67025598751813,33,58.0244159747513,101.09792634503064
64.1982770653789,35,81.4960350985796,105.83068187488118
143.83725372165455,88,177.52452632397834,267.55909606247684
35.13134958658156,26,47.071142064581736,78.26329606645633
83.65918594587166,47,107.28538352476204,143.50973186615963
82.0508956145836,53,99.46466447779682,163.7489801729631
117.27809745583865,65,144.39107075281785,196.7574777809501
134.17938182099147,77,143.14224028526914,234.6683699260969
124.60532103033157,74,140.42212256223175,226.67353290245237
31.89983070624348,19,30.13103110858588,57.580853771179605
10.56627702096252,5,-0.33547087144680887,18.045754085237476
20.314693786800113,8,2.853870323399411,26.815744353567688
10.949038910689257,4,27.073620277570885,14.467914048148268
83.87058583090122,49,89.04586266510347,149.55526949805622
135.44874839563036,77,158.09055082199407,232.99393804810958
56.597300873131665,38,79.93679950729124,114.67846424129999
79.54429586941583,49,76.97350647160742,148.0506041423737
136.71406801081523,83,151.7622818013634,249.2818576831388
91.97398386285082,52,111.57403904016932,160.1555213088454
88.1842074548032,50,89.00981233611637,150.0760265571265
110.06284820223124,72,139.21499292486044,217.1359279019528
152.80820918949377,91,185.97309269405545,277.2123010596408
88.44513801689888,50,100.01461163374931,154.58011684816734
49.162575003111066,30,77.73937837817905,91.6173903924615
-2.5570828334818176,4,-8.369281513180368,15.413776755554183
125.31752186004418,75,143.79615716641473,225.13246631006274
142.4735550814911,85,171.27676895880353,259.693356951236
121.83542280230061,66,141.17754745407092,199.05878198926018
38.675589934780476,21,49.34206549043157,63.75045670479381
139.05239223237422,81,155.20815013341866,243.4586807294244
75.84041306844793,43,90.49440543425885,132.34440436803027
43.971421733421046,29,35.72579951531891,88.66118657831407
41.58873001307397,27,44.010913037818604,83.63446836689124
153.76821693016115,88,169.50007515750673,268.9137164126412
92.88779378573128,53,104.27996039760967,159.62541883374763
76.67086494332617,49,103.02968785629542,149.84633120519896
114.8065987680418,67,125.39510409854462,202.45690601826803
22.707899170642225,10,25.559966357592657,32.803101974960086
2.976035281441336,3,1.6328628159139935,13.348586037832332
163.50845804983913,90,194.4438320285978,273.3669969286927
154.83119531727124,91,187.79586279918382,277.7048535028791
120.54920756012248,69,145.3502355157364,210.71656149398893
24.741545080623446,11,13.982808939086736,35.55143508796232
21.409418662769248,13,27.548753241147377,39.69363512371471
173.09596987264695,98,208.38686713897346,294.51880173959273
63.379049771491,38,82.52336120324559,115.5980752276253
71.80775034153396,40,81.35714197157778,121.77842779431292
61.46293037734129,33,75.83494439857377,103.10362570034061
66.60914382082487,34,91.0196730863063,104.51798872771121
49.37025722229003,27,59.42351361670693,83.60412136052643
181.30412363074174,100,198.8818892155779,304.9858980432921
160.98197721119868,90,180.43861727679737,273.16977945913044
92.48707077210933,51,96.76274674566277,155.9157095329294
149.79737794193014,89,177.42910526407002,271.1413346853738
146.03192701535193,83,172.65195683100004,249.76026282304397
39.0578513097333,21,55.23875009269885,67.30414897078577
160.1106825937489,95,187.9693442641271,286.3285426993656
43.28006123309504,29,49.29224334483123,88.4584744656125
131.47108631078885,73,162.78291532645602,222.38575445777613
30.77660232855347,19,43.7263804853892,57.60580728444912
42.28841708227203,26,53.40425909357752,78.89716481451241
35.51601619532,25,41.995327496034115,79.85053934845233
59.98603391333519,40,71.72974727907254,123.13413343417517
48.400787075674664,29,72.70809067692792,88.26985948827104
39.621739814821616,25,39.22929099782526,79.49873368987498
38.077601537647595,19,53.1514999083805,58.74778887883654
123.00472468285439,68,135.18746299676883,204.77361659467678
74.03623917864303,45,81.31585562061815,139.90161017018582
134.5229535478805,84,171.4527716315213,252.57924663396912
71.10616479593828,46,95.28231127501651,140.8649787850605
102.40470876229264,55,120.00836956955905,168.7503730540904
-0.41367893234076325,1,3.2387182651324142,7.656962950016152
18.217758282835973,11,27.483563645661512,33.55015500024027
113.01323251709537,68,135.55416182111912,206.63902614437717
25.853919628766324,7,28.867511165229573,21.662586659430453
162.82857097950142,92,199.46849001078502,279.8602367475968
171.94031015133768,100,218.68391669576803,301.0214619675459
103.06300739371679,58,114.66903102868943,175.13352631356642
122.01896937670527,71,136.77231839388287,217.9922202221863
35.16871420896112,20,29.669247299402215,64.22595217823849
56.82366844778809,35,67.83203473152919,108.25268988718062
90.82100013541485,51,89.28788449855459,156.20258908438458
36.956326608688464,21,34.929954550601515,65.9903305121421
72.77095906672703,44,95.8470121591076,136.76052881905233
2.5827502736473167,1,3.0251828500869333,7.293749553218576
111.60729271524816,67,133.25601949598556,204.0536097338127
170.59495877377526,98,190.70230951224715,294.6831448186612
21.24282852734354,13,19.87301783617291,40.84380423623989
22.70534430007337,16,34.470372483934874,52.80777155251382
44.72394475450056,34,52.31085484335093,102.60769116317366
45.9256508728514,24,61.42013470823515,72.495817257114
16.149900645564944,13,18.305050032359446,39.1548121718254
19.723598846809658,6,20.087813521611245,21.112424371302996
87.55283096764931,39,106.76220127454741,118.57595322275186
11.891586499840772,2,1.5738726115294779,10.513631932550599
21.542649420079115,11,24.65916823823764,37.85577372238902
8.579787775259307,7,-0.720728156072715,22.323280380605564
12.085656325279057,7,4.3392283603766515,25.332265463113806
67.17472859694806,39,86.41186946985458,118.82339796020274
130.5699432412148,76,148.23457597481024,229.26803689532503
150.42055584433314,86,182.5796318443864,260.9844390183584
78.85692482143577,51,110.88575346063573,157.56335310473153
80.82306304980686,52,87.47356962686402,156.67555048616939
4.069464090614953,3,-3.4224338625184494,10.253709136923343
130.22160230329675,77,151.6420494597875,231.18522293394946
57.70451031119805,30,71.35987950045846,91.51114036182726
26.7550048468401,10,17.107011188190015,33.561041570125
130.76058771478793,73,170.00879049594937,219.51367149982661
19.309624216383,6,17.11814820216775,19.49583246978048
96.85429804705583,54,97.17595704646305,164.76482662338373
111.60736380225171,66,127.32158015514821,201.95564303269566
75.06608518742902,44,103.71702520698925,136.9460263683468
142.46868721394907,80,181.26019131331822,242.13086626983534
107.26338860071301,63,123.28428649521344,191.60891032849108
131.14436852393524,77,156.8620383417507,235.36460769297588
77.26616832385386,48,85.92672933171679,146.34289674142843
124.46854878252071,77,131.80610532417808,232.06930342084635
38.89983849519711,22,36.38020636566418,70.44735142026356
19.613185896913173,19,19.850724648958575,60.646798612774724
148.78765755778778,90,182.60273225318585,271.88471220780957
10.770380199633916,14,8.523015135558957,44.438125303152205
163.4686887688064,95,190.98342074077578,286.009190667056
160.54027636399087,93,181.02735734253875,279.22722821185965
148.33567766663498,86,169.14069253463734,259.6164526382123
11.288497783913938,7,15.850893563431177,24.170420725110745
87.56791800152779,49,104.29815246664835,148.41360121571614
81.74514286555467,41,101.7908580190656,127.92632478557594
45.77646292930678,27,41.29706504116459,81.50659085564597
49.64553072167315,31,59.50133938186817,96.22523198492745
2.487558745652093,6,12.137328766681419,20.73099483748168
22.850594617823447,16,26.812292576480875,48.016006992546096
105.11375739864798,64,124.54904234697649,196.20192335838337
61.03233982620153,38,76.10392931319329,116.0373424144481
109.5572808623002,60,106.61250833101334,182.5711708957815
163.9643362587546,96,205.76864647975418,291.6268422745118
158.1642008265555,97,165.76915462151118,294.616868103567
133.8693236439481,81,149.10184070063957,246.9863063494304
57.646385042132025,33,66.60862193545954,99.57170498981137
103.13236581644958,63,145.25602857016094,193.82691736399056
21.112934341342616,11,10.155116991390237,37.350932922124315
18.72092332346257,13,20.928492916346265,43.425659781426475
152.70551873352457,94,174.0121846876058,285.25567926844997
108.77107048019226,65,137.04481914700062,196.44686378490152
45.42137733004476,30,64.38980648440346,93.52027078447533
166.10937185955592,91,183.79262275092844,276.8662051671531
39.16906388001095,23,54.33450697048575,70.14623093364028
37.81017479758745,20,32.590769682406666,64.27645672503824
9.612275590990365,6,1.2331649598430516,20.453092500295202
75.1388808516966,37,90.743892252646,112.16412146209069
139.13070457381966,84,157.62934876617615,256.8320709959796
23.755554153653726,6,21.711728510583132,22.612961069430142
158.70372755682644,93,178.03536947548133,282.5826870984347
118.76597733440725,77,137.94227447160134,233.70207871624763
53.31385833212829,27,68.68655961248476,82.83547849181144
137.4343313410878,84,146.56910909897238,256.41135711197774
21.946075789529946,13,36.234095619289185,42.86739251493008
15.839319951476654,8,12.642643055204335,27.836175750996034
87.79669353193313,53,113.12164796943063,161.53419374778343
139.61231999414656,81,164.28732239653007,243.20475473121
56.33499063506173,30,69.70171113622098,92.7910047311686
5.752109440045478,1,9.64255326658661,7.239709390563924
157.73357925648364,88,185.90749671783274,266.53627561098887
134.35845841712893,80,162.04008005285095,243.70953361159263
123.07287335918102,75,151.63489748287734,227.36379370830477
8.64060469091572,4,5.65081318325389,14.798572857747942
100.26995012822647,62,133.87064854420223,186.23069768889906
126.5574420115748,68,140.40258541066325,205.5519005060177
27.28164264303663,17,33.037590141299454,55.49092906973842
131.76787870357737,74,158.39112328191942,223.54375725618632
145.09917346300725,85,162.8111519224816,257.26780839879024
106.61270034675151,57,135.57221147280842,173.84838529146035
107.57195831237057,63,139.31404267275556,192.82731597370818
106.63213279039093,57,132.37105967758026,172.24065852543362
81.17529049392382,49,100.87668093510922,147.36338939690336
38.87756070713528,18,51.13936701987693,58.29869827734238
101.08019602173907,58,136.62886438557965,177.57093146929353
17.737167736498154,10,33.47262249561324,33.85690528595919
118.12831481510196,63,132.88166269378985,189.85409746622355
134.21632510699206,80,149.43926076190417,242.3622199777757
130.52247712005206,79,157.68019557190541,239.27978920193976
56.75992037951881,34,72.4300855404407,104.51686454900454
6.559228815983028,5,-3.975525111454086,19.5914640266308
32.8287547557933,17,41.57500177927273,55.958438886278614
120.28237488073958,72,141.47416242693998,216.15822880371846
91.70387309743231,63,111.73592090734498,189.92166816400697
44.03379434840803,24,54.248947579644884,76.20278595565551
155.94914110898898,92,179.5805097405081,276.4378588777859
11.76844301805075,8,14.732169453254823,28.877560919147516
36.33272427788778,23,43.345022815009834,72.52206106547479
162.27558924574208,99,209.70322215259918,297.0569602821373
52.19450920415934,31,62.32321113358809,96.49000582378582
144.71219505543712,81,145.63079875370332,244.54309979525644
43.88954351784838,28,51.51621120358895,86.50725587118602
80.73390675695676,48,117.43832175979534,144.69853756836008
28.030183565589063,12,24.78616805724695,39.017560219968615
152.49653474497214,88,174.20313656246947,265.06702661879046
125.79707693865367,79,153.031819727964,238.41412676403755
47.2285775561432,31,63.217008908884246,96.48028979679219
151.6815014714414,91,157.45748970360026,273.99405027146537
59.99428630754605,35,73.51056397786233,106.44394968427876
92.21864831277571,55,113.95376433899673,165.43442835401135
135.09324566891868,82,166.30325091391776,249.00195853506412
49.24811089450257,36,48.456777670395766,109.19946015044815
125.40736684121788,72,133.55441643852626,220.40774419648955
108.04069663574094,60,123.14273758219038,182.95683660891157
71.0188590526382,38,82.54149930415623,115.10878120366641
117.72186080638538,69,141.28583614297622,207.03643598545455
95.418893258373,54,110.18172213627983,162.58370951837998
21.150002177375413,14,12.88746401027761,43.152652896137965
37.11062964903856,20,41.580304674295185,62.76256026316851
17.479461167062727,9,15.64854283493462,27.965242670211392
158.44323589774166,97,183.93361140495034,294.41351513812174
137.51870674710767,82,164.2042845084623,246.44388651511008
130.33305364449126,70,156.3498094601058,211.9986592889183
9.144958070140879,2,4.970647801734607,7.182939226468884
54.50820351784783,30,56.848245495975725,94.014305389818
10.782308793698842,6,3.605392213743885,18.639764479159652
133.80063555748498,81,176.3520784037209,243.60300245666636
63.208176372965646,41,79.7460045980406,126.90760327635273
38.551274604589814,23,54.01268803667974,70.75893240137376
49.50698587179073,31,79.05274568249885,96.9362042984395
27.121003514534067,20,39.76754017234154,63.32346883729967
10.877154143929383,5,13.115618426794414,15.441052465521281
31.826259137860948,21,39.52734284161995,67.85524582555465
131.04591499766872,75,156.28373889126527,229.65233600179724
101.88406478431466,68,116.92344124609318,208.00923712905825
141.58389646387883,87,160.34810800867746,265.19186783723455
99.87189917368879,61,128.80414792381862,186.1025999178267
172.38669098589065,94,189.52474026601996,286.6002815267369
62.347837521650916,42,90.15040366910542,128.07893756523458
68.36657937982154,41,86.93176220779264,127.46712076818332
103.18230695769141,61,122.86306563314584,185.2913715020135
139.0951000343302,82,162.94095847685526,249.9089051928498
83.82248885754593,52,102.81432656083804,158.37799848051623
73.23822249900768,41,82.43714075641873,126.48608244069557
106.74804436232073,60,103.63009111952937,182.16319229849435
151.26615208751824,95,180.8793105411349,286.90598718492487
52.20752500217706,30,56.9102363597654,93.26014590892379
160.07036291346725,98,189.5521661112298,297.9088842449338
152.9085179550682,95,183.15927263823102,285.40727497743376
61.07426799887965,38,75.81287726226664,115.3204502357711
154.95654685742437,89,183.87483932313518,269.9432242828532
31.47031570176121,17,41.155674570904786,52.46943713509558
168.4691601720125,100,205.69582686153058,302.90508698757765
76.31521499383737,40,88.47757433210654,124.96697068713188
37.57586719601515,30,55.39784360525704,94.42551184539535
115.37606619545944,66,139.95668066509822,200.88835759674714
54.490271474449294,24,61.18850963086917,72.34150271182227
125.30787994015769,73,143.00097201109307,223.11430877335104
0.7535061457551899,1,12.707094260655442,7.758163234918275
141.70166076366672,88,169.11039292650722,264.63892017926275
67.15318089731774,38,81.37618231112775,117.0949507256806
108.34483422681534,64,112.62691714557593,192.74124060278936
34.96995072117029,27,50.806704946731074,81.55660102545508
155.4011969560547,90,170.24603937855346,271.834747328945
158.4499856773711,90,182.0822872804051,271.2647855749962
14.398744028986169,7,17.42470736503969,24.679927571291
149.91010301225432,89,197.7824102253678,268.13099166445545
133.72472677869794,80,154.2707451709046,244.2315633652235
69.05796481867054,42,88.45992142187076,127.20277447419218
26.369375190409674,18,53.717282076726036,57.297089170481875
130.74533605289815,81,171.74691666373553,243.87378751448412
76.83811828845988,44,102.16710808559128,134.90928308078603
107.04869889394618,70,133.24933463438356,212.51901050288808
32.96013469113293,20,43.09048460399455,62.856902884389974
43.15021061377276,23,45.42815587336465,70.92469319923578
24.095497336769203,12,40.277551956307185,40.651528627674395
16.55422741762299,12,18.15885589985044,37.552538970868696
59.65601056490745,34,58.35366112541861,106.54063213465871
14.635454726088103,8,19.97926357853908,27.735497947518592
51.22712783505597,27,55.03390098717511,82.83194518852524
77.87395518109058,49,97.61989310773657,149.29298639334752
126.78352435706167,72,166.13771141977696,220.36398575335073
88.75550618632822,55,99.70608256147995,165.90235271079484
164.28824796889464,97,190.13879028758794,291.77134001273265
